date,period_end,days,channel,category,product,unit_price,discount_rate,competitor_min_price,impressions,clicks,visits,add_to_cart,purchases,units,revenue,ad_spend,refund,holidays,stockout_days
2026-09-01,2026-09-07,7,쿠팡,종합비타민,커클랜드 시그니처 데일리 멀티비타민 500정,32330,0.0,29100,6882,155,248,15,5,6,193980,74230,4900,0,0
2026-09-01,2026-09-07,7,쿠팡,종합비타민,센트룸 실버 멀티비타민 275정,39190,0.0,34680,5284,101,143,9,4,5,195950,44650,3980,0,0
2026-09-01,2026-09-07,7,쿠팡,종합비타민,센트룸 우먼 멀티비타민 200정,36250,0.0,36450,3137,69,109,10,4,5,181250,29370,6540,0,0
2026-09-01,2026-09-07,7,쿠팡,비타민D,커클랜드 시그니처 비타민D3 2000IU 600정,19590,0.0,17170,9759,225,358,23,8,9,176310,102390,4460,0,0
2026-09-01,2026-09-07,7,쿠팡,비타민C,커클랜드 시그니처 비타민C 1000mg 500정,24490,0.0,21680,7395,164,260,17,6,7,171430,77250,5550,0,0
2026-09-01,2026-09-07,7,쿠팡,비타민C,고려은단 비타민C 1000 300정,29390,0.0,25710,6113,122,192,13,5,6,176340,55900,3460,0,0
2026-09-01,2026-09-07,7,쿠팡,비타민B,커클랜드 시그니처 슈퍼 비타민B 콤플렉스 500정,22530,0.0,19620,7379,150,215,14,5,6,135180,70470,4230,0,0
2026-09-01,2026-09-07,7,쿠팡,비타민E,커클랜드 시그니처 비타민E 400IU 500정,27430,0.0,27460,2853,63,96,10,4,5,137150,27950,2260,0,0
2026-09-01,2026-09-07,7,쿠팡,오메가3,커클랜드 시그니처 오메가3 피쉬오일 1000mg 400캡슐,29390,0.0,26670,9624,183,288,19,7,8,235120,84350,8580,0,0
2026-09-01,2026-09-07,7,쿠팡,오메가3,종근당건강 프로메가 알티지 오메가3 듀얼 60캡슐,45070,0.0,46630,3332,71,105,11,4,5,225350,31920,8030,0,0
2026-09-01,2026-09-07,7,쿠팡,오메가3,커클랜드 시그니처 크릴오일 500mg 160캡슐,44090,0.0,44310,2078,42,66,6,2,2,88180,18990,1470,0,0
2026-09-01,2026-09-07,7,쿠팡,유산균,종근당건강 락토핏 생유산균 골드 180포,39190,0.0,35550,6173,125,179,13,4,4,156760,56660,3560,0,0
2026-09-01,2026-09-07,7,쿠팡,유산균,커클랜드 시그니처 프로바이오틱스 90캡슐,39190,0.0,39310,3335,71,111,10,4,4,156760,29600,4050,0,0
2026-09-01,2026-09-07,7,쿠팡,관절건강,커클랜드 시그니처 글루코사민 1500mg 375정,34290,0.0,35350,4731,93,149,16,7,8,274320,42210,4990,0,0
2026-09-01,2026-09-07,7,쿠팡,미네랄,커클랜드 시그니처 칼슘 마그네슘 아연 500정,21550,0.0,22000,6580,126,178,18,7,8,172400,55180,3140,0,0
2026-09-01,2026-09-07,7,쿠팡,눈건강,종근당건강 아이클리어 루테인지아잔틴 180캡슐,42130,0.0,43390,3544,71,100,9,4,5,210650,32340,3190,0,0
2026-09-01,2026-09-07,7,쿠팡,홍삼,정관장 홍삼정 에브리타임 10ml×30포,88190,0.0,88330,1441,29,47,5,2,2,176380,12290,4800,0,0
2026-09-01,2026-09-07,7,쿠팡,간건강,뉴트리원 밀크씨슬 간건강 90정,25470,0.0,25890,3129,69,106,9,4,5,127350,29350,3900,0,0
2026-09-01,2026-09-07,7,쿠팡,코엔자임Q10,커클랜드 시그니처 코엔자임Q10 300mg 100캡슐,39190,0.0,39450,2681,56,80,8,3,4,156760,25570,2490,0,0
2026-09-01,2026-09-07,7,쿠팡,비오틴,네이처스바운티 비오틴 10000mcg 120정,24490,0.0,25170,2933,59,85,8,4,5,122450,26960,2200,0,0
2026-09-01,2026-09-07,7,네이버스토어,종합비타민,커클랜드 시그니처 데일리 멀티비타민 500정,32990,0.0,34470,4417,79,149,13,6,7,230930,31200,7480,0,0
2026-09-01,2026-09-07,7,네이버스토어,종합비타민,센트룸 실버 멀티비타민 275정,39990,0.0,40850,2544,43,83,7,3,4,159960,16550,4550,0,0
2026-09-01,2026-09-07,7,네이버스토어,종합비타민,센트룸 우먼 멀티비타민 200정,36990,0.0,37040,1963,35,72,6,3,3,110970,13950,3630,0,0
2026-09-01,2026-09-07,7,네이버스토어,비타민D,커클랜드 시그니처 비타민D3 2000IU 600정,19990,0.0,20350,5550,101,196,18,7,8,159920,40540,4270,0,0
2026-09-01,2026-09-07,7,네이버스토어,비타민C,커클랜드 시그니처 비타민C 1000mg 500정,24990,0.0,25420,4180,69,142,12,5,5,124950,28330,3450,0,0
2026-09-01,2026-09-07,7,네이버스토어,비타민C,고려은단 비타민C 1000 300정,29990,0.0,31410,3118,52,109,10,5,5,149950,20590,5840,0,0
2026-09-01,2026-09-07,7,네이버스토어,비타민B,커클랜드 시그니처 슈퍼 비타민B 콤플렉스 500정,22990,0.0,23130,3137,51,106,8,4,5,114950,20700,3530,0,0
2026-09-01,2026-09-07,7,네이버스토어,비타민E,커클랜드 시그니처 비타민E 400IU 500정,27990,0.0,29220,1353,25,53,4,2,2,55980,10320,1320,0,0
2026-09-01,2026-09-07,7,네이버스토어,오메가3,커클랜드 시그니처 오메가3 피쉬오일 1000mg 400캡슐,29990,0.0,30820,4443,81,157,15,6,7,209930,33120,3400,0,0
2026-09-01,2026-09-07,7,네이버스토어,오메가3,종근당건강 프로메가 알티지 오메가3 듀얼 60캡슐,45990,0.0,46010,1722,30,59,5,2,2,91980,11940,1930,0,0
2026-09-01,2026-09-07,7,네이버스토어,오메가3,커클랜드 시그니처 크릴오일 500mg 160캡슐,44990,0.0,45660,1047,19,41,4,2,2,89980,7860,2000,0,0
2026-09-01,2026-09-07,7,네이버스토어,유산균,종근당건강 락토핏 생유산균 골드 180포,39990,0.0,41920,2628,48,96,10,4,5,199950,19810,5900,0,0
2026-09-01,2026-09-07,7,네이버스토어,유산균,커클랜드 시그니처 프로바이오틱스 90캡슐,39990,0.0,41870,1851,31,61,6,3,3,119970,11880,4770,0,0
2026-09-01,2026-09-07,7,네이버스토어,관절건강,커클랜드 시그니처 글루코사민 1500mg 375정,34990,0.0,35600,1907,37,79,7,3,3,104970,14920,2310,0,0
2026-09-01,2026-09-07,7,네이버스토어,미네랄,커클랜드 시그니처 칼슘 마그네슘 아연 500정,21990,0.0,22200,3683,60,118,11,5,6,131940,25100,2210,0,0
2026-09-01,2026-09-07,7,네이버스토어,눈건강,종근당건강 아이클리어 루테인지아잔틴 180캡슐,42990,0.0,43100,1619,30,62,6,3,3,128970,12240,2050,0,0
2026-09-01,2026-09-07,7,네이버스토어,홍삼,정관장 홍삼정 에브리타임 10ml×30포,89990,0.0,91920,564,11,21,2,1,1,89990,4180,1980,0,0
2026-09-01,2026-09-07,7,네이버스토어,간건강,뉴트리원 밀크씨슬 간건강 90정,25990,0.0,26080,1609,29,63,5,2,2,51980,11630,1670,0,0
2026-09-01,2026-09-07,7,네이버스토어,코엔자임Q10,커클랜드 시그니처 코엔자임Q10 300mg 100캡슐,39990,0.0,41150,1211,22,45,4,2,2,79980,9010,2250,0,0
2026-09-01,2026-09-07,7,네이버스토어,비오틴,네이처스바운티 비오틴 10000mcg 120정,24990,0.0,25630,1541,26,54,5,2,2,49980,10730,950,0,0
2026-09-01,2026-09-07,7,자사몰,종합비타민,커클랜드 시그니처 데일리 멀티비타민 500정,33980,0.0,34410,3837,61,95,8,3,4,135920,27330,4980,0,0
2026-09-01,2026-09-07,7,자사몰,종합비타민,센트룸 실버 멀티비타민 275정,41190,0.0,42800,2339,36,54,4,2,2,82380,16470,1890,0,0
2026-09-01,2026-09-07,7,자사몰,종합비타민,센트룸 우먼 멀티비타민 200정,38100,0.0,38120,2049,29,43,3,1,1,38100,13060,1010,0,0
2026-09-01,2026-09-07,7,자사몰,비타민D,커클랜드 시그니처 비타민D3 2000IU 600정,20590,0.0,20910,5174,83,129,11,5,6,123540,37930,3640,0,0
2026-09-01,2026-09-07,7,자사몰,비타민C,커클랜드 시그니처 비타민C 1000mg 500정,25740,0.0,26440,4394,62,90,7,3,4,102960,27130,3740,0,0
2026-09-01,2026-09-07,7,자사몰,비타민C,고려은단 비타민C 1000 300정,30890,0.0,31350,2733,43,70,6,2,2,61780,19470,1560,0,0
2026-09-01,2026-09-07,7,자사몰,비타민B,커클랜드 시그니처 슈퍼 비타민B 콤플렉스 500정,23680,0.0,24770,3856,55,83,7,2,2,47360,23840,1240,0,0
2026-09-01,2026-09-07,7,자사몰,비타민E,커클랜드 시그니처 비타민E 400IU 500정,28830,0.0,28900,1328,21,34,3,1,1,28830,9100,840,0,0
2026-09-01,2026-09-07,7,자사몰,오메가3,커클랜드 시그니처 오메가3 피쉬오일 1000mg 400캡슐,30890,0.0,31620,4372,62,94,8,3,4,123560,28810,1970,0,0
2026-09-01,2026-09-07,7,자사몰,오메가3,종근당건강 프로메가 알티지 오메가3 듀얼 60캡슐,47370,0.0,48370,1594,26,38,3,1,1,47370,11250,1080,0,0
2026-09-01,2026-09-07,7,자사몰,오메가3,커클랜드 시그니처 크릴오일 500mg 160캡슐,46340,0.0,47510,1136,18,27,2,1,1,46340,8460,870,0,0
2026-09-01,2026-09-07,7,자사몰,유산균,종근당건강 락토핏 생유산균 골드 180포,41190,0.0,41430,3229,47,71,5,2,2,82380,20560,1510,0,0
2026-09-01,2026-09-07,7,자사몰,유산균,커클랜드 시그니처 프로바이오틱스 90캡슐,41190,0.0,41530,1891,27,42,3,1,1,41190,11950,1240,0,0
2026-09-01,2026-09-07,7,자사몰,관절건강,커클랜드 시그니처 글루코사민 1500mg 375정,36040,0.0,36980,2005,33,53,4,2,2,72080,14610,1270,0,0
2026-09-01,2026-09-07,7,자사몰,미네랄,커클랜드 시그니처 칼슘 마그네슘 아연 500정,22650,0.0,23700,3288,48,77,6,2,2,45300,21290,1330,0,0
2026-09-01,2026-09-07,7,자사몰,눈건강,종근당건강 아이클리어 루테인지아잔틴 180캡슐,44280,0.0,46040,1769,25,38,3,1,1,44280,10720,810,0,0
2026-09-01,2026-09-07,7,자사몰,홍삼,정관장 홍삼정 에브리타임 10ml×30포,92690,0.0,96700,724,11,16,1,1,1,92690,5100,1480,0,0
2026-09-01,2026-09-07,7,자사몰,간건강,뉴트리원 밀크씨슬 간건강 90정,26770,0.0,27850,1905,26,40,3,1,1,26770,11640,810,0,0
2026-09-01,2026-09-07,7,자사몰,코엔자임Q10,커클랜드 시그니처 코엔자임Q10 300mg 100캡슐,41190,0.0,42340,1341,21,31,2,1,1,41190,9550,1450,0,0
2026-09-01,2026-09-07,7,자사몰,비오틴,네이처스바운티 비오틴 10000mcg 120정,25740,0.0,26510,1300,20,29,2,1,1,25740,9240,790,0,0
2026-09-08,2026-09-14,7,쿠팡,종합비타민,커클랜드 시그니처 데일리 멀티비타민 500정,32330,0.0,28450,9070,177,284,15,4,4,129320,85020,2360,0,0
2026-09-08,2026-09-14,7,쿠팡,종합비타민,센트룸 실버 멀티비타민 275정,39190,0.0,34630,4968,94,136,6,2,2,78380,44500,2010,0,0
2026-09-08,2026-09-14,7,쿠팡,종합비타민,센트룸 우먼 멀티비타민 200정,36250,0.0,36750,3352,75,118,11,5,6,217500,32920,3530,0,0
2026-09-08,2026-09-14,7,쿠팡,비타민D,커클랜드 시그니처 비타민D3 2000IU 600정,19590,0.0,17080,11394,246,358,16,5,6,117540,113500,4310,0,0
2026-09-08,2026-09-14,7,쿠팡,비타민C,커클랜드 시그니처 비타민C 1000mg 500정,24490,0.0,21350,8611,170,263,14,4,5,122450,80200,4330,0,0
2026-09-08,2026-09-14,7,쿠팡,비타민C,고려은단 비타민C 1000 300정,29390,0.0,25940,5207,114,162,8,2,2,58780,55320,1710,0,0
2026-09-08,2026-09-14,7,쿠팡,비타민B,커클랜드 시그니처 슈퍼 비타민B 콤플렉스 500정,22530,0.0,19840,6966,143,213,10,3,4,90120,63490,1670,0,0
2026-09-08,2026-09-14,7,쿠팡,비타민E,커클랜드 시그니처 비타민E 400IU 500정,27430,0.0,27580,2740,61,96,9,4,5,137150,26700,2060,0,0
2026-09-08,2026-09-14,7,쿠팡,오메가3,커클랜드 시그니처 오메가3 피쉬오일 1000mg 400캡슐,29390,0.0,25600,7909,181,266,13,4,5,146950,85370,4930,0,0
2026-09-08,2026-09-14,7,쿠팡,오메가3,종근당건강 프로메가 알티지 오메가3 듀얼 60캡슐,45070,0.0,46370,3427,78,114,11,5,5,225350,34740,5670,0,0
2026-09-08,2026-09-14,7,쿠팡,오메가3,커클랜드 시그니처 크릴오일 500mg 160캡슐,44090,0.0,45050,1826,38,61,6,2,2,88180,16150,2690,0,0
2026-09-08,2026-09-14,7,쿠팡,유산균,종근당건강 락토핏 생유산균 골드 180포,39190,0.0,34620,5585,110,173,10,3,4,156760,51520,3380,0,0
2026-09-08,2026-09-14,7,쿠팡,유산균,커클랜드 시그니처 프로바이오틱스 90캡슐,39190,0.0,39880,3370,71,108,11,4,5,195950,30690,3980,0,0
2026-09-08,2026-09-14,7,쿠팡,관절건강,커클랜드 시그니처 글루코사민 1500mg 375정,34290,0.0,34870,3677,81,126,13,6,7,240030,35550,6100,0,0
2026-09-08,2026-09-14,7,쿠팡,미네랄,커클랜드 시그니처 칼슘 마그네슘 아연 500정,21550,0.0,22360,6608,134,191,17,7,9,193950,56770,4600,0,0
2026-09-08,2026-09-14,7,쿠팡,눈건강,종근당건강 아이클리어 루테인지아잔틴 180캡슐,42130,0.0,43090,3722,80,112,10,4,5,210650,34930,7140,0,0
2026-09-08,2026-09-14,7,쿠팡,홍삼,정관장 홍삼정 에브리타임 10ml×30포,88190,0.0,88800,1492,30,45,5,2,2,176380,12780,5720,0,0
2026-09-08,2026-09-14,7,쿠팡,간건강,뉴트리원 밀크씨슬 간건강 90정,25470,0.0,26190,2845,63,100,9,4,5,127350,27280,5060,0,0
2026-09-08,2026-09-14,7,쿠팡,코엔자임Q10,커클랜드 시그니처 코엔자임Q10 300mg 100캡슐,39190,0.0,39880,2587,58,82,8,3,3,117570,26300,3840,0,0
2026-09-08,2026-09-14,7,쿠팡,비오틴,네이처스바운티 비오틴 10000mcg 120정,24490,0.0,25450,3171,61,94,9,4,4,97960,27620,2730,0,0
2026-09-08,2026-09-14,7,네이버스토어,종합비타민,커클랜드 시그니처 데일리 멀티비타민 500정,32990,0.0,33210,3743,74,147,15,7,8,263920,30240,10100,0,0
2026-09-08,2026-09-14,7,네이버스토어,종합비타민,센트룸 실버 멀티비타민 275정,39990,0.0,40190,2032,38,79,7,3,4,159960,14580,6220,0,0
2026-09-08,2026-09-14,7,네이버스토어,종합비타민,센트룸 우먼 멀티비타민 200정,36990,0.0,38050,1854,31,66,6,3,3,110970,12230,3360,0,0
2026-09-08,2026-09-14,7,네이버스토어,비타민D,커클랜드 시그니처 비타민D3 2000IU 600정,19990,0.0,20410,6606,118,236,21,9,10,199900,49470,6390,0,0
2026-09-08,2026-09-14,7,네이버스토어,비타민C,커클랜드 시그니처 비타민C 1000mg 500정,24990,0.0,25460,3596,71,146,12,6,7,174930,28420,3540,0,0
2026-09-08,2026-09-14,7,네이버스토어,비타민C,고려은단 비타민C 1000 300정,29990,0.0,30990,2769,45,94,9,4,5,149950,18010,3890,0,0
2026-09-08,2026-09-14,7,네이버스토어,비타민B,커클랜드 시그니처 슈퍼 비타민B 콤플렉스 500정,22990,0.0,23840,3465,58,119,10,4,4,91960,24230,2860,0,0
2026-09-08,2026-09-14,7,네이버스토어,비타민E,커클랜드 시그니처 비타민E 400IU 500정,27990,0.0,28110,1446,26,52,5,2,2,55980,10350,1370,0,0
2026-09-08,2026-09-14,7,네이버스토어,오메가3,커클랜드 시그니처 오메가3 피쉬오일 1000mg 400캡슐,29990,0.0,31320,3919,75,148,13,6,7,209930,30620,6330,0,0
2026-09-08,2026-09-14,7,네이버스토어,오메가3,종근당건강 프로메가 알티지 오메가3 듀얼 60캡슐,45990,0.0,47360,1690,32,65,6,2,2,91980,12950,1990,0,0
2026-09-08,2026-09-14,7,네이버스토어,오메가3,커클랜드 시그니처 크릴오일 500mg 160캡슐,44990,0.0,46930,998,19,41,4,2,2,89980,7670,2990,0,0
2026-09-08,2026-09-14,7,네이버스토어,유산균,종근당건강 락토핏 생유산균 골드 180포,39990,0.0,41380,2935,50,103,9,4,5,199950,19690,5320,0,0
2026-09-08,2026-09-14,7,네이버스토어,유산균,커클랜드 시그니처 프로바이오틱스 90캡슐,39990,0.0,40240,1764,31,63,5,3,3,119970,12650,2500,0,0
2026-09-08,2026-09-14,7,네이버스토어,관절건강,커클랜드 시그니처 글루코사민 1500mg 375정,34990,0.0,36420,2155,39,78,7,3,4,139960,16120,3520,0,0
2026-09-08,2026-09-14,7,네이버스토어,미네랄,커클랜드 시그니처 칼슘 마그네슘 아연 500정,21990,0.0,22900,2935,52,101,10,4,5,109950,21320,3380,0,0
2026-09-08,2026-09-14,7,네이버스토어,눈건강,종근당건강 아이클리어 루테인지아잔틴 180캡슐,42990,0.0,44800,1897,33,64,5,3,4,171960,13490,5700,0,0
2026-09-08,2026-09-14,7,네이버스토어,홍삼,정관장 홍삼정 에브리타임 10ml×30포,89990,0.0,91710,587,11,21,2,1,1,89990,4240,1360,0,0
2026-09-08,2026-09-14,7,네이버스토어,간건강,뉴트리원 밀크씨슬 간건강 90정,25990,0.0,26890,1606,31,62,5,3,3,77970,12250,1560,0,0
2026-09-08,2026-09-14,7,네이버스토어,코엔자임Q10,커클랜드 시그니처 코엔자임Q10 300mg 100캡슐,39990,0.0,41490,1248,23,44,4,2,2,79980,9600,1590,0,0
2026-09-08,2026-09-14,7,네이버스토어,비오틴,네이처스바운티 비오틴 10000mcg 120정,24990,0.0,25440,1275,24,50,4,2,2,49980,9300,1860,0,0
2026-09-08,2026-09-14,7,자사몰,종합비타민,커클랜드 시그니처 데일리 멀티비타민 500정,33980,0.0,34340,4270,66,97,8,3,3,101940,30620,1960,0,0
2026-09-08,2026-09-14,7,자사몰,종합비타민,센트룸 실버 멀티비타민 275정,41190,0.0,42290,2355,35,50,4,1,1,41190,15460,1460,0,0
2026-09-08,2026-09-14,7,자사몰,종합비타민,센트룸 우먼 멀티비타민 200정,38100,0.0,38110,1834,30,48,4,2,2,76200,12980,1830,0,0
2026-09-08,2026-09-14,7,자사몰,비타민D,커클랜드 시그니처 비타민D3 2000IU 600정,20590,0.0,21190,6227,94,142,12,5,6,123540,41840,2850,0,0
2026-09-08,2026-09-14,7,자사몰,비타민C,커클랜드 시그니처 비타민C 1000mg 500정,25740,0.0,26360,3841,59,89,7,3,3,77220,25650,1560,0,0
2026-09-08,2026-09-14,7,자사몰,비타민C,고려은단 비타민C 1000 300정,30890,0.0,31720,2694,43,70,6,2,2,61780,20000,2090,0,0
2026-09-08,2026-09-14,7,자사몰,비타민B,커클랜드 시그니처 슈퍼 비타민B 콤플렉스 500정,23680,0.0,23920,3647,51,78,6,2,2,47360,23200,1100,0,0
2026-09-08,2026-09-14,7,자사몰,비타민E,커클랜드 시그니처 비타민E 400IU 500정,28830,0.0,29110,1528,21,33,3,1,1,28830,9070,780,0,0
2026-09-08,2026-09-14,7,자사몰,오메가3,커클랜드 시그니처 오메가3 피쉬오일 1000mg 400캡슐,30890,0.0,31180,4113,64,103,9,3,3,92670,29010,2200,0,0
2026-09-08,2026-09-14,7,자사몰,오메가3,종근당건강 프로메가 알티지 오메가3 듀얼 60캡슐,47370,0.0,48950,1586,26,42,3,1,1,47370,11500,770,0,0
2026-09-08,2026-09-14,7,자사몰,오메가3,커클랜드 시그니처 크릴오일 500mg 160캡슐,46340,0.0,46470,1124,17,28,2,1,1,46340,7800,1180,0,0
2026-09-08,2026-09-14,7,자사몰,유산균,종근당건강 락토핏 생유산균 골드 180포,41190,0.0,42360,2587,38,58,4,2,2,82380,17890,1420,0,0
2026-09-08,2026-09-14,7,자사몰,유산균,커클랜드 시그니처 프로바이오틱스 90캡슐,41190,0.0,42540,1609,24,36,3,1,1,41190,11150,750,0,0
2026-09-08,2026-09-14,7,자사몰,관절건강,커클랜드 시그니처 글루코사민 1500mg 375정,36040,0.0,36270,2322,34,54,4,2,2,72080,15270,2690,0,0
2026-09-08,2026-09-14,7,자사몰,미네랄,커클랜드 시그니처 칼슘 마그네슘 아연 500정,22650,0.0,23050,2784,45,71,5,2,2,45300,20770,760,0,0
2026-09-08,2026-09-14,7,자사몰,눈건강,종근당건강 아이클리어 루테인지아잔틴 180캡슐,44280,0.0,44570,1643,27,43,4,1,1,44280,12490,840,0,0
2026-09-08,2026-09-14,7,자사몰,홍삼,정관장 홍삼정 에브리타임 10ml×30포,92690,0.0,93920,776,11,17,1,1,1,92690,4950,2270,0,0
2026-09-08,2026-09-14,7,자사몰,간건강,뉴트리원 밀크씨슬 간건강 90정,26770,0.0,27280,1713,25,37,3,1,1,26770,10840,440,0,0
2026-09-08,2026-09-14,7,자사몰,코엔자임Q10,커클랜드 시그니처 코엔자임Q10 300mg 100캡슐,41190,0.0,41540,1290,20,31,3,1,1,41190,8610,1250,0,0
2026-09-08,2026-09-14,7,자사몰,비오틴,네이처스바운티 비오틴 10000mcg 120정,25740,0.0,25870,1129,17,27,2,1,1,25740,7290,840,0,2
2026-09-15,2026-09-21,7,쿠팡,종합비타민,커클랜드 시그니처 데일리 멀티비타민 500정,32330,0.0,29110,7789,165,249,11,3,4,129320,78550,3080,0,0
2026-09-15,2026-09-21,7,쿠팡,종합비타민,센트룸 실버 멀티비타민 275정,39190,0.0,34280,4459,97,152,6,2,2,78380,45780,2170,0,0
2026-09-15,2026-09-21,7,쿠팡,종합비타민,센트룸 우먼 멀티비타민 200정,36250,0.0,37230,3080,70,112,11,5,6,217500,30760,4260,0,0
2026-09-15,2026-09-21,7,쿠팡,비타민D,커클랜드 시그니처 비타민D3 2000IU 600정,19590,0.0,17240,12177,255,365,16,4,5,97950,123950,3130,0,0
2026-09-15,2026-09-21,7,쿠팡,비타민C,커클랜드 시그니처 비타민C 1000mg 500정,24490,0.0,22230,7906,181,259,12,3,3,73470,81880,2000,0,0
2026-09-15,2026-09-21,7,쿠팡,비타민C,고려은단 비타민C 1000 300정,29390,0.0,26680,6026,132,184,8,2,2,58780,61470,2140,0,0
2026-09-15,2026-09-21,7,쿠팡,비타민B,커클랜드 시그니처 슈퍼 비타민B 콤플렉스 500정,22530,0.0,19920,7347,157,227,9,2,2,45060,71290,1460,0,0
2026-09-15,2026-09-21,7,쿠팡,비타민E,커클랜드 시그니처 비타민E 400IU 500정,27430,0.0,28430,3318,68,103,9,4,4,109720,30170,4350,0,0
2026-09-15,2026-09-21,7,쿠팡,오메가3,커클랜드 시그니처 오메가3 피쉬오일 1000mg 400캡슐,29390,0.0,25570,8542,171,271,11,3,3,88170,81450,2310,0,0
2026-09-15,2026-09-21,7,쿠팡,오메가3,종근당건강 프로메가 알티지 오메가3 듀얼 60캡슐,45070,0.0,45830,3894,76,106,10,4,5,225350,34400,3640,0,0
2026-09-15,2026-09-21,7,쿠팡,오메가3,커클랜드 시그니처 크릴오일 500mg 160캡슐,44090,0.0,44590,2036,43,67,7,3,3,132270,18910,5110,0,0
2026-09-15,2026-09-21,7,쿠팡,유산균,종근당건강 락토핏 생유산균 골드 180포,39190,0.0,34880,5843,123,174,7,2,2,78380,57360,1460,0,0
2026-09-15,2026-09-21,7,쿠팡,유산균,커클랜드 시그니처 프로바이오틱스 90캡슐,39190,0.0,39790,3207,70,102,10,4,5,195950,29120,5100,0,0
2026-09-15,2026-09-21,7,쿠팡,관절건강,커클랜드 시그니처 글루코사민 1500mg 375정,34290,0.0,35620,3664,80,127,12,6,7,240030,34930,5590,0,0
2026-09-15,2026-09-21,7,쿠팡,미네랄,커클랜드 시그니처 칼슘 마그네슘 아연 500정,21550,0.0,21570,7913,151,213,18,8,9,193950,63990,5200,0,0
2026-09-15,2026-09-21,7,쿠팡,눈건강,종근당건강 아이클리어 루테인지아잔틴 180캡슐,42130,0.0,43650,3365,75,106,10,5,6,252780,33310,9910,0,0
2026-09-15,2026-09-21,7,쿠팡,홍삼,정관장 홍삼정 에브리타임 10ml×30포,88190,0.0,88700,1390,29,42,4,2,2,176380,13180,5020,0,0
2026-09-15,2026-09-21,7,쿠팡,간건강,뉴트리원 밀크씨슬 간건강 90정,25470,0.0,25860,3191,68,107,10,5,6,152820,31140,4240,0,0
2026-09-15,2026-09-21,7,쿠팡,코엔자임Q10,커클랜드 시그니처 코엔자임Q10 300mg 100캡슐,39190,0.0,40620,2469,56,86,7,3,3,117570,24650,2390,0,0
2026-09-15,2026-09-21,7,쿠팡,비오틴,네이처스바운티 비오틴 10000mcg 120정,24490,0.0,25370,2919,58,84,8,4,4,97960,26600,2910,0,0
2026-09-15,2026-09-21,7,네이버스토어,종합비타민,커클랜드 시그니처 데일리 멀티비타민 500정,32990,0.0,34480,3932,64,137,11,6,7,230930,25570,7800,0,0
2026-09-15,2026-09-21,7,네이버스토어,종합비타민,센트룸 실버 멀티비타민 275정,39990,0.0,40420,2363,40,82,7,3,3,119970,16730,4160,0,0
2026-09-15,2026-09-21,7,네이버스토어,종합비타민,센트룸 우먼 멀티비타민 200정,36990,0.0,37370,1664,30,59,5,2,2,73980,12560,1430,0,0
2026-09-15,2026-09-21,7,네이버스토어,비타민D,커클랜드 시그니처 비타민D3 2000IU 600정,19990,0.0,20290,5229,102,217,19,8,10,199900,42590,3590,0,0
2026-09-15,2026-09-21,7,네이버스토어,비타민C,커클랜드 시그니처 비타민C 1000mg 500정,24990,0.0,26040,4098,76,145,13,6,7,174930,31780,6790,0,0
2026-09-15,2026-09-21,7,네이버스토어,비타민C,고려은단 비타민C 1000 300정,29990,0.0,30510,2444,46,94,9,4,5,149950,17960,3550,0,0
2026-09-15,2026-09-21,7,네이버스토어,비타민B,커클랜드 시그니처 슈퍼 비타민B 콤플렉스 500정,22990,0.0,23770,2758,51,105,9,4,5,114950,19540,4070,0,0
2026-09-15,2026-09-21,7,네이버스토어,비타민E,커클랜드 시그니처 비타민E 400IU 500정,27990,0.0,28400,1293,24,52,5,2,2,55980,9470,940,0,0
2026-09-15,2026-09-21,7,네이버스토어,오메가3,커클랜드 시그니처 오메가3 피쉬오일 1000mg 400캡슐,29990,0.0,31110,4170,72,154,12,6,7,209930,27660,7650,0,0
2026-09-15,2026-09-21,7,네이버스토어,오메가3,종근당건강 프로메가 알티지 오메가3 듀얼 60캡슐,45990,0.0,47200,1574,27,55,5,2,2,91980,11190,1380,0,0
2026-09-15,2026-09-21,7,네이버스토어,오메가3,커클랜드 시그니처 크릴오일 500mg 160캡슐,44990,0.0,46630,1036,17,35,3,1,1,44990,7100,1210,0,0
2026-09-15,2026-09-21,7,네이버스토어,유산균,종근당건강 락토핏 생유산균 골드 180포,39990,0.0,41400,2478,42,90,8,4,5,199950,16150,7730,0,0
2026-09-15,2026-09-21,7,네이버스토어,유산균,커클랜드 시그니처 프로바이오틱스 90캡슐,39990,0.0,40620,1486,28,59,5,2,2,79980,11610,1980,0,0
2026-09-15,2026-09-21,7,네이버스토어,관절건강,커클랜드 시그니처 글루코사민 1500mg 375정,34990,0.0,36440,1938,37,74,7,3,4,139960,14460,4210,0,0
2026-09-15,2026-09-21,7,네이버스토어,미네랄,커클랜드 시그니처 칼슘 마그네슘 아연 500정,21990,0.0,22230,2861,51,102,9,4,5,109950,21190,3000,0,0
2026-09-15,2026-09-21,7,네이버스토어,눈건강,종근당건강 아이클리어 루테인지아잔틴 180캡슐,42990,0.0,43400,1625,31,59,6,2,2,85980,12570,1710,0,0
2026-09-15,2026-09-21,7,네이버스토어,홍삼,정관장 홍삼정 에브리타임 10ml×30포,89990,0.0,91290,654,11,21,2,1,1,89990,4310,2470,0,0
2026-09-15,2026-09-21,7,네이버스토어,간건강,뉴트리원 밀크씨슬 간건강 90정,25990,0.0,26710,1628,30,58,5,2,2,51980,12020,2080,0,0
2026-09-15,2026-09-21,7,네이버스토어,코엔자임Q10,커클랜드 시그니처 코엔자임Q10 300mg 100캡슐,39990,0.0,41620,1203,21,43,4,2,2,79980,8050,2550,0,0
2026-09-15,2026-09-21,7,네이버스토어,비오틴,네이처스바운티 비오틴 10000mcg 120정,24990,0.0,25540,1482,25,48,5,2,2,49980,9770,980,0,0
2026-09-15,2026-09-21,7,자사몰,종합비타민,커클랜드 시그니처 데일리 멀티비타민 500정,33980,0.0,35290,4142,60,88,7,3,4,135920,25840,2760,0,0
2026-09-15,2026-09-21,7,자사몰,종합비타민,센트룸 실버 멀티비타민 275정,41190,0.0,41840,2415,34,52,4,2,2,82380,15570,1300,0,0
2026-09-15,2026-09-21,7,자사몰,종합비타민,센트룸 우먼 멀티비타민 200정,38100,0.0,38360,1774,29,44,4,1,1,38100,13330,1470,0,0
2026-09-15,2026-09-21,7,자사몰,비타민D,커클랜드 시그니처 비타민D3 2000IU 600정,20590,0.0,21310,6657,97,144,12,4,5,102950,44890,2850,0,0
2026-09-15,2026-09-21,7,자사몰,비타민C,커클랜드 시그니처 비타민C 1000mg 500정,25740,0.0,25850,3548,57,85,7,3,4,102960,24810,3210,0,0
2026-09-15,2026-09-21,7,자사몰,비타민C,고려은단 비타민C 1000 300정,30890,0.0,32100,3082,46,71,5,2,2,61780,20440,1850,0,0
2026-09-15,2026-09-21,7,자사몰,비타민B,커클랜드 시그니처 슈퍼 비타민B 콤플렉스 500정,23680,0.0,24150,3405,51,76,5,2,2,47360,23410,1890,0,0
2026-09-15,2026-09-21,7,자사몰,비타민E,커클랜드 시그니처 비타민E 400IU 500정,28830,0.0,29710,1501,21,32,3,1,1,28830,9630,800,0,0
2026-09-15,2026-09-21,7,자사몰,오메가3,커클랜드 시그니처 오메가3 피쉬오일 1000mg 400캡슐,30890,0.0,31910,3726,61,95,8,3,4,123560,27150,2780,0,0
2026-09-15,2026-09-21,7,자사몰,오메가3,종근당건강 프로메가 알티지 오메가3 듀얼 60캡슐,47370,0.0,49710,2294,31,45,4,2,2,94740,14040,3120,0,0
2026-09-15,2026-09-21,7,자사몰,오메가3,커클랜드 시그니처 크릴오일 500mg 160캡슐,46340,0.0,47200,980,15,24,2,1,1,46340,6950,1180,0,0
2026-09-15,2026-09-21,7,자사몰,유산균,종근당건강 락토핏 생유산균 골드 180포,41190,0.0,41250,2840,45,72,5,2,2,82380,19690,1970,0,0
2026-09-15,2026-09-21,7,자사몰,유산균,커클랜드 시그니처 프로바이오틱스 90캡슐,41190,0.0,41300,1718,26,39,3,1,1,41190,12220,660,0,0
2026-09-15,2026-09-21,7,자사몰,관절건강,커클랜드 시그니처 글루코사민 1500mg 375정,36040,0.0,36700,2093,34,54,4,2,2,72080,14730,2260,0,0
2026-09-15,2026-09-21,7,자사몰,미네랄,커클랜드 시그니처 칼슘 마그네슘 아연 500정,22650,0.0,22870,2696,42,68,5,2,2,45300,18680,1310,0,0
2026-09-15,2026-09-21,7,자사몰,눈건강,종근당건강 아이클리어 루테인지아잔틴 180캡슐,44280,0.0,46310,1970,27,41,3,1,1,44280,12110,1180,0,0
2026-09-15,2026-09-21,7,자사몰,홍삼,정관장 홍삼정 에브리타임 10ml×30포,92690,0.0,95620,627,9,15,1,1,1,92690,4010,3500,0,0
2026-09-15,2026-09-21,7,자사몰,간건강,뉴트리원 밀크씨슬 간건강 90정,26770,0.0,27040,1807,27,39,3,1,1,26770,12050,970,0,0
2026-09-15,2026-09-21,7,자사몰,코엔자임Q10,커클랜드 시그니처 코엔자임Q10 300mg 100캡슐,41190,0.0,42030,1336,19,29,2,1,1,41190,8570,1440,0,0
2026-09-15,2026-09-21,7,자사몰,비오틴,네이처스바운티 비오틴 10000mcg 120정,25740,0.0,26980,1429,22,33,3,1,1,25740,10320,720,0,0
2026-09-22,2026-09-28,7,쿠팡,종합비타민,커클랜드 시그니처 데일리 멀티비타민 500정,32330,0.0,29010,6912,152,238,9,2,2,64660,70000,1980,3,0
2026-09-22,2026-09-28,7,쿠팡,종합비타민,센트룸 실버 멀티비타민 275정,39190,0.0,35390,4722,95,147,6,1,1,39190,44670,1400,3,0
2026-09-22,2026-09-28,7,쿠팡,종합비타민,센트룸 우먼 멀티비타민 200정,36250,0.0,36960,3580,74,108,10,4,5,181250,31070,3460,3,0
2026-09-22,2026-09-28,7,쿠팡,비타민D,커클랜드 시그니처 비타민D3 2000IU 600정,19590,0.0,17140,13056,268,409,15,3,3,58770,129910,990,3,0
2026-09-22,2026-09-28,7,쿠팡,비타민C,커클랜드 시그니처 비타민C 1000mg 500정,24490,0.0,21780,7478,171,242,9,2,2,48980,82560,950,3,0
2026-09-22,2026-09-28,7,쿠팡,비타민C,고려은단 비타민C 1000 300정,29390,0.0,25840,5215,100,159,6,1,1,29390,45430,950,3,0
2026-09-22,2026-09-28,7,쿠팡,비타민B,커클랜드 시그니처 슈퍼 비타민B 콤플렉스 500정,22530,0.0,20370,6624,145,204,7,2,2,45060,70090,1360,3,0
2026-09-22,2026-09-28,7,쿠팡,비타민E,커클랜드 시그니처 비타민E 400IU 500정,27430,0.0,27760,2572,59,86,7,3,3,82290,26780,2150,3,0
2026-09-22,2026-09-28,7,쿠팡,오메가3,커클랜드 시그니처 오메가3 피쉬오일 1000mg 400캡슐,29390,0.0,26170,8378,164,258,10,2,2,58780,73210,1380,3,0
2026-09-22,2026-09-28,7,쿠팡,오메가3,종근당건강 프로메가 알티지 오메가3 듀얼 60캡슐,45070,0.0,46740,2801,60,93,8,4,5,225350,24990,7990,3,0
2026-09-22,2026-09-28,7,쿠팡,오메가3,커클랜드 시그니처 크릴오일 500mg 160캡슐,44090,0.0,45260,2169,45,69,6,2,2,88180,20550,2350,3,0
2026-09-22,2026-09-28,7,쿠팡,유산균,종근당건강 락토핏 생유산균 골드 180포,39190,0.0,35480,5131,113,173,7,2,2,78380,51690,2640,3,0
2026-09-22,2026-09-28,7,쿠팡,유산균,커클랜드 시그니처 프로바이오틱스 90캡슐,39190,0.0,39760,3586,69,101,9,4,4,156760,30890,5930,3,0
2026-09-22,2026-09-28,7,쿠팡,관절건강,커클랜드 시그니처 글루코사민 1500mg 375정,34290,0.0,34440,4610,97,136,13,5,6,205740,41570,5420,3,0
2026-09-22,2026-09-28,7,쿠팡,미네랄,커클랜드 시그니처 칼슘 마그네슘 아연 500정,21550,0.0,22270,4947,113,166,15,7,9,193950,49740,3700,3,0
2026-09-22,2026-09-28,7,쿠팡,눈건강,종근당건강 아이클리어 루테인지아잔틴 180캡슐,42130,0.0,43340,3893,79,111,11,4,5,210650,34880,5090,3,0
2026-09-22,2026-09-28,7,쿠팡,홍삼,정관장 홍삼정 에브리타임 10ml×30포,88190,0.0,90440,1108,23,36,3,1,1,88190,10200,1600,3,0
2026-09-22,2026-09-28,7,쿠팡,간건강,뉴트리원 밀크씨슬 간건강 90정,25470,0.0,26430,3284,69,99,9,4,4,101880,30600,2630,3,0
2026-09-22,2026-09-28,7,쿠팡,코엔자임Q10,커클랜드 시그니처 코엔자임Q10 300mg 100캡슐,39190,0.0,40120,2207,48,71,6,2,2,78380,21860,2970,3,0
2026-09-22,2026-09-28,7,쿠팡,비오틴,네이처스바운티 비오틴 10000mcg 120정,24490,0.0,24920,2894,55,78,7,3,4,97960,24460,1830,3,0
2026-09-22,2026-09-28,7,네이버스토어,종합비타민,커클랜드 시그니처 데일리 멀티비타민 500정,32990,0.0,34140,3893,65,129,12,5,6,197940,25660,7650,3,0
2026-09-22,2026-09-28,7,네이버스토어,종합비타민,센트룸 실버 멀티비타민 275정,39990,0.0,40980,1957,35,75,6,3,4,159960,14170,4960,3,0
2026-09-22,2026-09-28,7,네이버스토어,종합비타민,센트룸 우먼 멀티비타민 200정,36990,0.0,38160,1495,29,57,4,2,2,73980,12150,1300,3,0
2026-09-22,2026-09-28,7,네이버스토어,비타민D,커클랜드 시그니처 비타민D3 2000IU 600정,19990,0.0,20450,6069,101,202,18,8,10,199900,40340,4130,3,0
2026-09-22,2026-09-28,7,네이버스토어,비타민C,커클랜드 시그니처 비타민C 1000mg 500정,24990,0.0,25960,3932,75,148,12,5,6,149940,30390,3080,3,0
2026-09-22,2026-09-28,7,네이버스토어,비타민C,고려은단 비타민C 1000 300정,29990,0.0,31430,3180,53,103,9,4,4,119960,20550,4490,3,0
2026-09-22,2026-09-28,7,네이버스토어,비타민B,커클랜드 시그니처 슈퍼 비타민B 콤플렉스 500정,22990,0.0,23880,2752,53,107,8,4,5,114950,21100,2620,3,0
2026-09-22,2026-09-28,7,네이버스토어,비타민E,커클랜드 시그니처 비타민E 400IU 500정,27990,0.0,29240,1300,23,50,4,2,2,55980,9500,2000,3,0
2026-09-22,2026-09-28,7,네이버스토어,오메가3,커클랜드 시그니처 오메가3 피쉬오일 1000mg 400캡슐,29990,0.0,30230,4090,69,143,12,5,6,179940,26810,3120,3,0
2026-09-22,2026-09-28,7,네이버스토어,오메가3,종근당건강 프로메가 알티지 오메가3 듀얼 60캡슐,45990,0.0,47560,1426,27,51,4,2,2,91980,10780,1990,3,0
2026-09-22,2026-09-28,7,네이버스토어,오메가3,커클랜드 시그니처 크릴오일 500mg 160캡슐,44990,0.0,45670,913,18,36,3,1,1,44990,6980,1610,3,0
2026-09-22,2026-09-28,7,네이버스토어,유산균,종근당건강 락토핏 생유산균 골드 180포,39990,0.0,41610,2760,46,90,8,3,3,119970,17670,3100,3,0
2026-09-22,2026-09-28,7,네이버스토어,유산균,커클랜드 시그니처 프로바이오틱스 90캡슐,39990,0.0,41700,1432,27,54,5,2,2,79980,11020,1900,3,0
2026-09-22,2026-09-28,7,네이버스토어,관절건강,커클랜드 시그니처 글루코사민 1500mg 375정,34990,0.0,35560,2038,38,73,7,3,3,104970,15930,1830,3,0
2026-09-22,2026-09-28,7,네이버스토어,미네랄,커클랜드 시그니처 칼슘 마그네슘 아연 500정,21990,0.0,22860,2645,52,100,9,4,5,109950,20900,3630,3,0
2026-09-22,2026-09-28,7,네이버스토어,눈건강,종근당건강 아이클리어 루테인지아잔틴 180캡슐,42990,0.0,44770,1533,27,53,4,2,2,85980,11030,1600,3,0
2026-09-22,2026-09-28,7,네이버스토어,홍삼,정관장 홍삼정 에브리타임 10ml×30포,89990,0.0,91960,527,10,19,2,1,1,89990,4110,2270,3,0
2026-09-22,2026-09-28,7,네이버스토어,간건강,뉴트리원 밀크씨슬 간건강 90정,25990,0.0,26810,1600,27,58,5,2,2,51980,11000,1790,3,0
2026-09-22,2026-09-28,7,네이버스토어,코엔자임Q10,커클랜드 시그니처 코엔자임Q10 300mg 100캡슐,39990,0.0,40350,1287,21,45,3,2,2,79980,8710,2850,3,0
2026-09-22,2026-09-28,7,네이버스토어,비오틴,네이처스바운티 비오틴 10000mcg 120정,24990,0.0,25590,1214,20,41,3,2,2,49980,8030,960,3,0
2026-09-22,2026-09-28,7,자사몰,종합비타민,커클랜드 시그니처 데일리 멀티비타민 500정,33980,0.0,34720,4078,57,85,6,2,2,67960,24370,2250,3,0
2026-09-22,2026-09-28,7,자사몰,종합비타민,센트룸 실버 멀티비타민 275정,41190,0.0,42210,2145,35,54,4,1,1,41190,15250,970,3,0
2026-09-22,2026-09-28,7,자사몰,종합비타민,센트룸 우먼 멀티비타민 200정,38100,0.0,38960,1733,27,43,3,1,1,38100,11810,680,3,0
2026-09-22,2026-09-28,7,자사몰,비타민D,커클랜드 시그니처 비타민D3 2000IU 600정,20590,0.0,21070,5307,85,123,9,4,5,102950,39680,4010,3,0
2026-09-22,2026-09-28,7,자사몰,비타민C,커클랜드 시그니처 비타민C 1000mg 500정,25740,0.0,26630,3524,58,88,6,3,3,77220,27100,2110,3,0
2026-09-22,2026-09-28,7,자사몰,비타민C,고려은단 비타민C 1000 300정,30890,0.0,31210,2519,36,58,4,2,2,61780,16570,1320,3,0
2026-09-22,2026-09-28,7,자사몰,비타민B,커클랜드 시그니처 슈퍼 비타민B 콤플렉스 500정,23680,0.0,24820,3797,52,80,5,2,2,47360,23790,1380,3,0
2026-09-22,2026-09-28,7,자사몰,비타민E,커클랜드 시그니처 비타민E 400IU 500정,28830,0.0,29380,1536,21,33,2,1,1,28830,9400,790,3,0
2026-09-22,2026-09-28,7,자사몰,오메가3,커클랜드 시그니처 오메가3 피쉬오일 1000mg 400캡슐,30890,0.0,31560,4379,62,90,7,2,2,61780,26910,2410,3,0
2026-09-22,2026-09-28,7,자사몰,오메가3,종근당건강 프로메가 알티지 오메가3 듀얼 60캡슐,47370,0.0,47760,1694,24,37,2,1,1,47370,10940,1130,3,0
2026-09-22,2026-09-28,7,자사몰,오메가3,커클랜드 시그니처 크릴오일 500mg 160캡슐,46340,0.0,47150,1091,15,24,2,1,1,46340,6670,1690,3,0
2026-09-22,2026-09-28,7,자사몰,유산균,종근당건강 락토핏 생유산균 골드 180포,41190,0.0,42500,2390,38,58,4,2,2,82380,16370,1940,3,0
2026-09-22,2026-09-28,7,자사몰,유산균,커클랜드 시그니처 프로바이오틱스 90캡슐,41190,0.0,41520,1740,26,38,3,1,1,41190,12060,1560,3,0
2026-09-22,2026-09-28,7,자사몰,관절건강,커클랜드 시그니처 글루코사민 1500mg 375정,36040,0.0,37410,2507,34,50,4,2,2,72080,15580,1740,3,0
2026-09-22,2026-09-28,7,자사몰,미네랄,커클랜드 시그니처 칼슘 마그네슘 아연 500정,22650,0.0,23760,3086,50,72,5,2,2,45300,22380,1010,3,0
2026-09-22,2026-09-28,7,자사몰,눈건강,종근당건강 아이클리어 루테인지아잔틴 180캡슐,44280,0.0,45120,1491,24,36,3,1,1,44280,10710,1440,3,0
2026-09-22,2026-09-28,7,자사몰,홍삼,정관장 홍삼정 에브리타임 10ml×30포,92690,0.0,96380,611,9,14,1,0,0,0,4180,0,3,0
2026-09-22,2026-09-28,7,자사몰,간건강,뉴트리원 밀크씨슬 간건강 90정,26770,0.0,27710,1629,26,38,3,1,1,26770,11940,470,3,0
2026-09-22,2026-09-28,7,자사몰,코엔자임Q10,커클랜드 시그니처 코엔자임Q10 300mg 100캡슐,41190,0.0,42290,1379,19,30,2,1,1,41190,8590,1090,3,0
2026-09-22,2026-09-28,7,자사몰,비오틴,네이처스바운티 비오틴 10000mcg 120정,25740,0.0,26120,1199,18,29,2,1,1,25740,7790,730,3,0
2026-09-29,2026-09-30,2,쿠팡,종합비타민,커클랜드 시그니처 데일리 멀티비타민 500정,32330,0.0,28930,2049,46,71,3,1,1,32330,22000,850,0,0
2026-09-29,2026-09-30,2,쿠팡,종합비타민,센트룸 실버 멀티비타민 275정,39190,0.0,34680,1181,27,42,2,0,0,0,13010,0,0,0
2026-09-29,2026-09-30,2,쿠팡,종합비타민,센트룸 우먼 멀티비타민 200정,36250,0.0,37580,897,20,30,3,1,1,36250,8500,690,0,0
2026-09-29,2026-09-30,2,쿠팡,비타민D,커클랜드 시그니처 비타민D3 2000IU 600정,19590,0.0,17350,3912,77,113,5,1,1,19590,34400,760,0,0
2026-09-29,2026-09-30,2,쿠팡,비타민C,커클랜드 시그니처 비타민C 1000mg 500정,24490,0.0,21320,2228,48,74,3,1,1,24490,21410,650,0,0
2026-09-29,2026-09-30,2,쿠팡,비타민C,고려은단 비타민C 1000 300정,29390,0.0,26560,1928,37,53,2,0,0,0,16610,0,0,0
2026-09-29,2026-09-30,2,쿠팡,비타민B,커클랜드 시그니처 슈퍼 비타민B 콤플렉스 500정,22530,0.0,20460,2246,44,68,3,1,1,22530,19850,770,0,0
2026-09-29,2026-09-30,2,쿠팡,비타민E,커클랜드 시그니처 비타민E 400IU 500정,27430,0.0,27860,784,16,25,2,1,1,27430,7340,990,0,0
2026-09-29,2026-09-30,2,쿠팡,오메가3,커클랜드 시그니처 오메가3 피쉬오일 1000mg 400캡슐,29390,0.0,26490,2548,53,78,3,1,1,29390,25240,980,0,0
2026-09-29,2026-09-30,2,쿠팡,오메가3,종근당건강 프로메가 알티지 오메가3 듀얼 60캡슐,45070,0.0,46580,1011,20,30,3,1,1,45070,8480,1640,0,0
2026-09-29,2026-09-30,2,쿠팡,오메가3,커클랜드 시그니처 크릴오일 500mg 160캡슐,44090,0.0,44860,645,14,22,2,1,1,44090,6090,1530,0,0
2026-09-29,2026-09-30,2,쿠팡,유산균,종근당건강 락토핏 생유산균 골드 180포,39190,0.0,35250,1657,37,55,2,1,1,39190,17170,940,0,0
2026-09-29,2026-09-30,2,쿠팡,유산균,커클랜드 시그니처 프로바이오틱스 90캡슐,39190,0.0,40170,960,21,31,3,1,1,39190,8740,1360,0,0
2026-09-29,2026-09-30,2,쿠팡,관절건강,커클랜드 시그니처 글루코사민 1500mg 375정,34290,0.0,35470,1282,27,39,4,2,2,68580,12180,2220,0,0
2026-09-29,2026-09-30,2,쿠팡,미네랄,커클랜드 시그니처 칼슘 마그네슘 아연 500정,21550,0.0,22390,1693,37,53,5,2,2,43100,16680,800,0,0
2026-09-29,2026-09-30,2,쿠팡,눈건강,종근당건강 아이클리어 루테인지아잔틴 180캡슐,42130,0.0,43810,934,21,30,3,1,1,42130,9340,710,0,0
2026-09-29,2026-09-30,2,쿠팡,홍삼,정관장 홍삼정 에브리타임 10ml×30포,88190,0.0,89440,374,8,12,1,1,1,88190,3500,3080,0,0
2026-09-29,2026-09-30,2,쿠팡,간건강,뉴트리원 밀크씨슬 간건강 90정,25470,0.0,26290,950,20,31,3,1,1,25470,9160,930,0,0
2026-09-29,2026-09-30,2,쿠팡,코엔자임Q10,커클랜드 시그니처 코엔자임Q10 300mg 100캡슐,39190,0.0,40470,702,16,24,3,1,1,39190,6970,1170,0,0
2026-09-29,2026-09-30,2,쿠팡,비오틴,네이처스바운티 비오틴 10000mcg 120정,24490,0.0,24830,757,16,22,2,1,1,24490,7210,540,0,0
2026-09-29,2026-09-30,2,네이버스토어,종합비타민,커클랜드 시그니처 데일리 멀티비타민 500정,32990,0.0,34310,1100,20,41,4,2,2,65980,8000,2130,0,0
2026-09-29,2026-09-30,2,네이버스토어,종합비타민,센트룸 실버 멀티비타민 275정,39990,0.0,40590,634,11,21,2,1,1,39990,4330,910,0,0
2026-09-29,2026-09-30,2,네이버스토어,종합비타민,센트룸 우먼 멀티비타민 200정,36990,0.0,37340,459,9,18,2,1,1,36990,3750,930,0,0
2026-09-29,2026-09-30,2,네이버스토어,비타민D,커클랜드 시그니처 비타민D3 2000IU 600정,19990,0.0,20310,1778,30,57,5,2,2,39980,12400,1480,0,0
2026-09-29,2026-09-30,2,네이버스토어,비타민C,커클랜드 시그니처 비타민C 1000mg 500정,24990,0.0,25500,1093,20,39,3,1,1,24990,7760,390,0,0
2026-09-29,2026-09-30,2,네이버스토어,비타민C,고려은단 비타민C 1000 300정,29990,0.0,30700,778,13,27,2,1,1,29990,5290,900,0,0
2026-09-29,2026-09-30,2,네이버스토어,비타민B,커클랜드 시그니처 슈퍼 비타민B 콤플렉스 500정,22990,0.0,23200,831,15,29,2,1,1,22990,6120,910,0,0
2026-09-29,2026-09-30,2,네이버스토어,비타민E,커클랜드 시그니처 비타민E 400IU 500정,27990,0.0,28700,381,7,15,1,1,1,27990,2860,810,0,0
2026-09-29,2026-09-30,2,네이버스토어,오메가3,커클랜드 시그니처 오메가3 피쉬오일 1000mg 400캡슐,29990,0.0,31140,1159,21,43,4,2,2,59980,8680,1050,0,0
2026-09-29,2026-09-30,2,네이버스토어,오메가3,종근당건강 프로메가 알티지 오메가3 듀얼 60캡슐,45990,0.0,48000,483,8,16,1,1,1,45990,3230,1370,0,0
2026-09-29,2026-09-30,2,네이버스토어,오메가3,커클랜드 시그니처 크릴오일 500mg 160캡슐,44990,0.0,45940,297,5,11,1,0,0,0,2010,0,0,0
2026-09-29,2026-09-30,2,네이버스토어,유산균,종근당건강 락토핏 생유산균 골드 180포,39990,0.0,41380,839,15,31,3,1,1,39990,5780,730,0,0
2026-09-29,2026-09-30,2,네이버스토어,유산균,커클랜드 시그니처 프로바이오틱스 90캡슐,39990,0.0,40490,487,9,18,1,1,1,39990,3530,1420,0,0
2026-09-29,2026-09-30,2,네이버스토어,관절건강,커클랜드 시그니처 글루코사민 1500mg 375정,34990,0.0,35730,479,9,19,2,1,1,34990,3690,670,0,0
2026-09-29,2026-09-30,2,네이버스토어,미네랄,커클랜드 시그니처 칼슘 마그네슘 아연 500정,21990,0.0,22040,727,14,30,3,1,1,21990,5610,870,0,0
2026-09-29,2026-09-30,2,네이버스토어,눈건강,종근당건강 아이클리어 루테인지아잔틴 180캡슐,42990,0.0,44630,464,9,18,2,1,1,42990,3600,760,0,0
2026-09-29,2026-09-30,2,네이버스토어,홍삼,정관장 홍삼정 에브리타임 10ml×30포,89990,0.0,93680,236,4,7,1,0,0,0,1630,0,0,0
2026-09-29,2026-09-30,2,네이버스토어,간건강,뉴트리원 밀크씨슬 간건강 90정,25990,0.0,26450,469,8,17,2,1,1,25990,3300,990,0,0
2026-09-29,2026-09-30,2,네이버스토어,코엔자임Q10,커클랜드 시그니처 코엔자임Q10 300mg 100캡슐,39990,0.0,41640,355,7,14,1,1,1,39990,2870,780,0,0
2026-09-29,2026-09-30,2,네이버스토어,비오틴,네이처스바운티 비오틴 10000mcg 120정,24990,0.0,25250,358,7,13,1,1,1,24990,2800,650,0,0
2026-09-29,2026-09-30,2,자사몰,종합비타민,커클랜드 시그니처 데일리 멀티비타민 500정,33980,0.0,35060,1276,19,27,2,1,1,33980,8490,790,0,0
2026-09-29,2026-09-30,2,자사몰,종합비타민,센트룸 실버 멀티비타민 275정,41190,0.0,42870,564,9,14,1,0,0,0,3920,0,0,0
2026-09-29,2026-09-30,2,자사몰,종합비타민,센트룸 우먼 멀티비타민 200정,38100,0.0,39790,588,9,13,1,0,0,0,4250,0,0,0
2026-09-29,2026-09-30,2,자사몰,비타민D,커클랜드 시그니처 비타민D3 2000IU 600정,20590,0.0,20850,1747,27,41,3,1,1,20590,11740,630,0,0
2026-09-29,2026-09-30,2,자사몰,비타민C,커클랜드 시그니처 비타민C 1000mg 500정,25740,0.0,25940,1039,17,25,2,1,1,25740,7400,680,0,0
2026-09-29,2026-09-30,2,자사몰,비타민C,고려은단 비타민C 1000 300정,30890,0.0,31130,763,12,19,2,1,1,30890,5470,930,0,0
2026-09-29,2026-09-30,2,자사몰,비타민B,커클랜드 시그니처 슈퍼 비타민B 콤플렉스 500정,23680,0.0,23830,1124,16,23,2,1,1,23680,7100,670,0,0
2026-09-29,2026-09-30,2,자사몰,비타민E,커클랜드 시그니처 비타민E 400IU 500정,28830,0.0,29770,490,7,10,1,0,0,0,3100,0,0,0
2026-09-29,2026-09-30,2,자사몰,오메가3,커클랜드 시그니처 오메가3 피쉬오일 1000mg 400캡슐,30890,0.0,30980,1238,17,28,2,1,1,30890,7920,500,0,0
2026-09-29,2026-09-30,2,자사몰,오메가3,종근당건강 프로메가 알티지 오메가3 듀얼 60캡슐,47370,0.0,49350,373,6,10,1,0,0,0,2580,0,0,0
2026-09-29,2026-09-30,2,자사몰,오메가3,커클랜드 시그니처 크릴오일 500mg 160캡슐,46340,0.0,47600,318,5,8,1,0,0,0,2200,0,0,0
2026-09-29,2026-09-30,2,자사몰,유산균,종근당건강 락토핏 생유산균 골드 180포,41190,0.0,42510,825,12,19,1,1,1,41190,5540,830,0,0
2026-09-29,2026-09-30,2,자사몰,유산균,커클랜드 시그니처 프로바이오틱스 90캡슐,41190,0.0,41810,467,7,11,1,0,0,0,3040,0,0,0
2026-09-29,2026-09-30,2,자사몰,관절건강,커클랜드 시그니처 글루코사민 1500mg 375정,36040,0.0,37150,639,9,13,1,0,0,0,3870,0,0,0
2026-09-29,2026-09-30,2,자사몰,미네랄,커클랜드 시그니처 칼슘 마그네슘 아연 500정,22650,0.0,23330,855,14,22,2,1,1,22650,6440,520,0,0
2026-09-29,2026-09-30,2,자사몰,눈건강,종근당건강 아이클리어 루테인지아잔틴 180캡슐,44280,0.0,45500,453,7,12,1,0,0,0,3090,0,0,0
2026-09-29,2026-09-30,2,자사몰,홍삼,정관장 홍삼정 에브리타임 10ml×30포,92690,0.0,94310,130,2,4,0,0,0,0,870,0,0,0
2026-09-29,2026-09-30,2,자사몰,간건강,뉴트리원 밀크씨슬 간건강 90정,26770,0.0,27060,436,7,11,1,0,0,0,3200,0,0,0
2026-09-29,2026-09-30,2,자사몰,코엔자임Q10,커클랜드 시그니처 코엔자임Q10 300mg 100캡슐,41190,0.0,42360,336,5,8,1,0,0,0,2340,0,0,0
2026-09-29,2026-09-30,2,자사몰,비오틴,네이처스바운티 비오틴 10000mcg 120정,25740,0.0,25920,339,5,8,1,0,0,0,2300,0,0,0
